<?xml version="1.0" encoding="UTF-8" ?>
<!DOCTYPE struts PUBLIC
    "-//Apache Software Foundation//DTD Struts Configuration 2.0//EN"
    "http://struts.apache.org/dtds/struts-2.0.dtd">
<struts> 
		<!-- 修改前 
		<constant name="struts.devMode" value="true"></constant>
		<constant name="struts.multipart.saveDir" value="/tmp"/>
		<constant name="struts.enable.DynamicMethodInvocation" value="true"/>
		-->
		<!-- 修改后 -->
		<constant name="struts.enable.DynamicMethodInvocation" value="true" />  
    	<constant name="struts.devMode" value="true" />  
  
    	<!-- 指定国际化资源文件的baseName为messageResource -->  
    	<constant name="struts.custom.i18n.resources" value="messageResource" />  
  
    	<!-- 设置该应用使用的解码集 -->  
    	<constant name="struts.i18n.encoding" value="utf-8" />  
  	
   	 	<!-- 上传的全部图片的最大限制-->  
    	<constant name="struts.multipart.maxSize" value="1024102400" />  
      
   	 	<!-- 临时存放文件的路径 -->  
   	 	<constant name="struts.multipart.saveDir" value="d:/test" />
		<!-- 默认的视图主题 -->
    	<constant name="struts.ui.theme" value="simple" />
    	
    	<!-- 该属性指定需要Struts2处理的请求后缀，该属性的默认值是action，即所有匹配*.action的请求都由Struts2处理。
        如果用户需要指定多个请求后缀，则多个后缀之间以英文逗号（,）隔开。 -->
    <constant name="struts.action.extension" value="do,action" />
    	
    	
    	<!-- 修改后 -->
    	
		
		<!-- 用户模块struts配置 -->
			
		<include file="User/userstruts.xml"></include>
		<include file="Friend/friendstruts.xml"></include>
		<include file="Msg/msgstruts.xml"></include>
		<include file="Album/albumstruts.xml"></include>
		<include file="Tag/tagstruts.xml"></include>
		<include file="Photo/photostruts.xml"></include>
		<include file="Comment/commentstruts.xml"></include>
			
</struts>
