<?xml version="1.0" encoding="UTF-8"?>
<beans  xmlns="http://www.springframework.org/schema/beans"
       xmlns:xsi="http://www.w3.org/2001/XMLSchema-instance"
            xmlns:context="http://www.springframework.org/schema/context"
            xmlns:aop="http://www.springframework.org/schema/aop"
            xmlns:tx="http://www.springframework.org/schema/tx"
       xsi:schemaLocation="http://www.springframework.org/schema/beans
       http://www.springframework.org/schema/beans/spring-beans-3.0.xsd
            http://www.springframework.org/schema/context
     		http://www.springframework.org/schema/context/spring-context-3.0.xsd
     		http://www.springframework.org/schema/tx
    		 http://www.springframework.org/schema/tx/spring-tx-3.0.xsd
     		http://www.springframework.org/schema/aop
     		http://www.springframework.org/schema/aop/spring-aop-3.2.xsd"
     		default-autowire="byName"
     		 >
			
		<bean id="userDao" class="bs.photoAdmin.user.dao.impl.UserDaoImpl">
			<property name="sessionFactory" ref="sessionFactory"></property>
		</bean>
		
		<bean id="userService" class="bs.photoAdmin.user.service.impl.UserServiceImpl">	
			<property name="userDao" ref="userDao"></property>
			<property name="friendDao" ref="friendDao"></property>
			<property name="albumDao" ref="albumDao"></property>
		</bean>
	
		<bean id="userIconAction" class="bs.photoAdmin.user.action.UserIconAction">
			<property name="userService" ref="userService"></property>
		</bean>
		<bean id="userIconModifyAction" class="bs.photoAdmin.user.action.UserIconModifyAction">
			<property name="userService" ref="userService"></property>
		</bean>
		
		<bean id="userAction" class="bs.photoAdmin.user.action.UserAction">	
			<property name="userService" ref="userService"></property>
		</bean>
		
		
</beans>