<?xml version="1.0" encoding="UTF-8"?>
<beans  xmlns="http://www.springframework.org/schema/beans"
       xmlns:xsi="http://www.w3.org/2001/XMLSchema-instance"
            xmlns:context="http://www.springframework.org/schema/context"
            xmlns:aop="http://www.springframework.org/schema/aop"
            xmlns:tx="http://www.springframework.org/schema/tx"
       xsi:schemaLocation="http://www.springframework.org/schema/beans
       http://www.springframework.org/schema/beans/spring-beans-3.0.xsd
            http://www.springframework.org/schema/context
     		http://www.springframework.org/schema/context/spring-context-3.0.xsd
     		http://www.springframework.org/schema/tx
    		 http://www.springframework.org/schema/tx/spring-tx-3.0.xsd
     		http://www.springframework.org/schema/aop
     		http://www.springframework.org/schema/aop/spring-aop-3.2.xsd"
     		default-autowire="byName"
     		 >
		<!-- album配置 -->
			
		<bean id="albumDao" class="bs.photoAdmin.album.dao.impl.AlbumDaoImpl">
			<property name="sessionFactory" ref="sessionFactory"></property>
		</bean>
		<bean id="albumService" class="bs.photoAdmin.album.service.impl.AlbumServiceImpl">	
			<property name="albumDao" ref="albumDao"></property>
			<property name="userDao" ref="userDao"></property>
		</bean>
		<!-- tag配置 -->
		<bean id="tagDao" class="bs.photoAdmin.tag.dao.impl.TagDaoImpl">
			<property name="sessionFactory" ref="sessionFactory"></property>
		</bean>
		<bean id="tagService" class="bs.photoAdmin.tag.service.impl.TagServiceImpl">
		<property name="tagDao" ref="tagDao"></property>	
		</bean>
	
		<bean id="albumAction" class="bs.photoAdmin.album.action.AlbumAction">	
			<property name="albumService" ref="albumService"></property>
			<property name="tagService" ref="tagService"></property>
		</bean>
		
		
</beans>