<?xml version="1.0" encoding="UTF-8"?>
<!DOCTYPE struts PUBLIC
    "-//Apache Software Foundation//DTD Struts Configuration 2.0//EN"
    "http://struts.apache.org/dtds/struts-2.0.dtd">
<struts> 
		  
		<package name="album" extends="struts-default">
			<action name="album" class="bs.photoAdmin.album.action.AlbumAction">
				<result name="default">NewFile.jsp</result>
				<result name="success">index.jsp</result>
				<result name="showAllAlbums">album/albumList.jsp</result>
				<result name="newAlbum">album/newAlbum.jsp</result>
			</action>
		</package>
</struts>