<?xml version="1.0"?>
<!DOCTYPE hibernate-mapping PUBLIC "-//Hibernate/Hibernate Mapping DTD 3.0//EN"
"http://hibernate.sourceforge.net/hibernate-mapping-3.0.dtd">
<!-- Generated 2015-3-18 15:24:14 by Hibernate Tools 3.4.0.CR1 -->
<hibernate-mapping>
    <class name="bs.photoAdmin.model.DownloadInfo" table="download_info" catalog="photoAdmin">
        <id name="downloadId" type="int">
            <column name="download_id" />
            <generator class="assigned" />
        </id>
        <many-to-one name="userInfo" class="bs.photoAdmin.model.UserInfo" fetch="select">
            <column name="download_userid" />
        </many-to-one>
        <many-to-one name="photoInfo" class="bs.photoAdmin.model.PhotoInfo" fetch="select">
            <column name="download_pid" />
        </many-to-one>
    </class>
</hibernate-mapping>
