<?xml version="1.0"?>
<!DOCTYPE hibernate-mapping PUBLIC "-//Hibernate/Hibernate Mapping DTD 3.0//EN"
"http://hibernate.sourceforge.net/hibernate-mapping-3.0.dtd">
<!-- Generated 2015-3-18 15:24:14 by Hibernate Tools 3.4.0.CR1 -->
<hibernate-mapping>
    <class name="bs.photoAdmin.model.FgroupInfo" table="fgroup_info" catalog="photoAdmin" dynamic-update="true">
        <id name="fgId" type="java.lang.Integer">
            <column name="fg_id" />
            <generator class="identity" />
        </id>
        <many-to-one name="userInfo" class="bs.photoAdmin.model.UserInfo" fetch="select" lazy="false">
            <column name="fg_onwer_id" />
        </many-to-one>
        <property name="fgName" type="string">
            <column name="fg_name" length="45" />
        </property>
        <property name="fgNumber" type="java.lang.Integer">
            <column name="fg_number" />
        </property>
        <set name="friendInfos" table="friend_info" inverse="true" lazy="false" fetch="select">
            <key>
                <column name="fg_id" />
            </key>
            <one-to-many class="bs.photoAdmin.model.FriendInfo" />
        </set>
    </class>
</hibernate-mapping>
