<?xml version="1.0"?>
<!DOCTYPE hibernate-mapping PUBLIC "-//Hibernate/Hibernate Mapping DTD 3.0//EN"
"http://hibernate.sourceforge.net/hibernate-mapping-3.0.dtd">
<!-- Generated 2015-3-18 15:24:14 by Hibernate Tools 3.4.0.CR1 -->
<hibernate-mapping>
    <class name="bs.photoAdmin.model.NoticeInfo" table="notice_info" catalog="photoAdmin">
        <id name="noticeId" type="java.lang.Integer">
            <column name="notice_id" />
            <generator class="identity" />
        </id>
        <many-to-one name="photoInfo" class="bs.photoAdmin.model.PhotoInfo" fetch="select">
            <column name="notice_photo_id" />
        </many-to-one>
        <many-to-one name="userInfoByUserToUserId" class="bs.photoAdmin.model.UserInfo" fetch="select">
            <column name="user_to_user_id" />
        </many-to-one>
        <many-to-one name="userInfoByUserFromUserId" class="bs.photoAdmin.model.UserInfo" fetch="select">
            <column name="user_from_user_id" />
        </many-to-one>
        <property name="noticeContent" type="string">
            <column name="notice_content" length="100" />
        </property>
        <property name="flag" type="java.lang.Boolean">
            <column name="flag" />
        </property>
        <property name="noticeCreatetime" type="timestamp">
            <column name="notice_createtime" length="19" />
        </property>
    </class>
</hibernate-mapping>
