<?xml version="1.0"?>
<!DOCTYPE hibernate-mapping PUBLIC "-//Hibernate/Hibernate Mapping DTD 3.0//EN"
"http://hibernate.sourceforge.net/hibernate-mapping-3.0.dtd">
<!-- Generated 2015-3-18 15:24:14 by Hibernate Tools 3.4.0.CR1 -->
<hibernate-mapping>
    <class name="bs.photoAdmin.model.UserHasAlbumInfo" table="user_has_album_info" catalog="photoAdmin">
        <id name="uhasaId" type="java.lang.Integer">
            <column name="uHasaId" />
            <generator class="identity" />
        </id>
        <many-to-one name="userInfo" class="bs.photoAdmin.model.UserInfo" fetch="select">
            <column name="user_id" />
        </many-to-one>
        <many-to-one name="albumInfo" class="bs.photoAdmin.model.AlbumInfo" fetch="select">
            <column name="a_id" />
        </many-to-one>
    </class>
</hibernate-mapping>
