<?xml version="1.0"?>
<!DOCTYPE hibernate-mapping PUBLIC "-//Hibernate/Hibernate Mapping DTD 3.0//EN"
"http://hibernate.sourceforge.net/hibernate-mapping-3.0.dtd">
<!-- Generated 2015-3-18 15:24:14 by Hibernate Tools 3.4.0.CR1 -->
<hibernate-mapping>
    <class name="bs.photoAdmin.model.UsericonInfo" table="usericon_info" catalog="photoAdmin">
        <id name="iconId" type="java.lang.Integer">
            <column name="icon_id" />
            <generator class="identity" />
        </id>
        <many-to-one name="userInfo" class="bs.photoAdmin.model.UserInfo" fetch="select">
            <column name="user_id" />
        </many-to-one>
        <property name="iconCreatetime" type="timestamp">
            <column name="icon_createtime" length="19" />
        </property>
        <property name="iconImage" type="string">
            <column name="icon_image" length="100" />
        </property>
    </class>
</hibernate-mapping>

