<?xml version="1.0" encoding="UTF-8"?>
<beans  xmlns="http://www.springframework.org/schema/beans"
       xmlns:xsi="http://www.w3.org/2001/XMLSchema-instance"
            xmlns:context="http://www.springframework.org/schema/context"
            xmlns:aop="http://www.springframework.org/schema/aop"
            xmlns:tx="http://www.springframework.org/schema/tx"
       xsi:schemaLocation="http://www.springframework.org/schema/beans
       http://www.springframework.org/schema/beans/spring-beans-3.0.xsd
            http://www.springframework.org/schema/context
     		http://www.springframework.org/schema/context/spring-context-3.0.xsd
     		http://www.springframework.org/schema/tx
    		 http://www.springframework.org/schema/tx/spring-tx-3.0.xsd
     		http://www.springframework.org/schema/aop
     		http://www.springframework.org/schema/aop/spring-aop-3.2.xsd"
     		default-autowire="byName"
     		 >
		<!-- album配置 -->
			
		<bean id="commentDao" class="bs.photoAdmin.comment.dao.impl.CommentDaoImpl">
			<property name="sessionFactory" ref="sessionFactory"></property>
		</bean>
		<bean id="commentService" class="bs.photoAdmin.comment.service.impl.CommentServiceImpl">	
			<property name="commentDao" ref="commentDao"></property>
			<property name="userDao" ref="userDao"></property>
		</bean>
		
	
		<bean id="commentAction" class="bs.photoAdmin.comment.action.CommentAction">	
			<property name="commentService" ref="commentService"></property>
			
		</bean>
		
		
</beans>