<?xml version="1.0" encoding="UTF-8"?>
<beans  xmlns="http://www.springframework.org/schema/beans"
       xmlns:xsi="http://www.w3.org/2001/XMLSchema-instance"
            xmlns:context="http://www.springframework.org/schema/context"
            xmlns:aop="http://www.springframework.org/schema/aop"
            xmlns:tx="http://www.springframework.org/schema/tx"
       xsi:schemaLocation="http://www.springframework.org/schema/beans
       http://www.springframework.org/schema/beans/spring-beans-3.0.xsd
            http://www.springframework.org/schema/context
     		http://www.springframework.org/schema/context/spring-context-3.0.xsd
     		http://www.springframework.org/schema/tx
    		 http://www.springframework.org/schema/tx/spring-tx-3.0.xsd
     		http://www.springframework.org/schema/aop
     		http://www.springframework.org/schema/aop/spring-aop-3.2.xsd"
     		default-autowire="byName"
     		 >
			
		<bean id="friendDao" class="bs.photoAdmin.friend.dao.impl.FriendDaoImpl">
			<property name="sessionFactory" ref="sessionFactory"></property>
		</bean>
		
		<bean id="friendService" class="bs.photoAdmin.friend.service.impl.FriendServiceImpl">	
			<property name="friendDao" ref="friendDao"></property>
			<property name="userDao" ref="userDao"></property>
			<property name="msgDao" ref="msgDao"></property>
		</bean>
	
		<bean id="friendAction" class="bs.photoAdmin.friend.action.FriendAction">	
			<property name="friendService" ref="friendService"></property>
			<property name="albumService" ref="albumService"></property>
		</bean>
		
		
</beans>