<?xml version="1.0" encoding="UTF-8"?>
<beans  xmlns="http://www.springframework.org/schema/beans"
       xmlns:xsi="http://www.w3.org/2001/XMLSchema-instance"
            xmlns:context="http://www.springframework.org/schema/context"
            xmlns:aop="http://www.springframework.org/schema/aop"
            xmlns:tx="http://www.springframework.org/schema/tx"
       xsi:schemaLocation="http://www.springframework.org/schema/beans
       http://www.springframework.org/schema/beans/spring-beans-3.0.xsd
            http://www.springframework.org/schema/context
     		http://www.springframework.org/schema/context/spring-context-3.0.xsd
     		http://www.springframework.org/schema/tx
    		 http://www.springframework.org/schema/tx/spring-tx-3.0.xsd
     		http://www.springframework.org/schema/aop
     		http://www.springframework.org/schema/aop/spring-aop-3.2.xsd"
     		default-autowire="byName"
     		 >
			
		<bean id="msgDao" class="bs.photoAdmin.msg.dao.impl.MsgDaoImpl">
			<property name="sessionFactory" ref="sessionFactory"></property>
		</bean>
		
		<bean id="msgService" class="bs.photoAdmin.msg.service.impl.MsgServiceImpl">	
			<property name="msgDao" ref="msgDao"></property>
			<property name="friendDao" ref="friendDao"></property>
		</bean>
	
		<bean id="msgAction" class="bs.photoAdmin.msg.action.MsgAction">	
			<property name="msgService" ref="msgService"></property>
		</bean>
		
		
</beans>