<?xml version="1.0" encoding="UTF-8"?>
<beans  xmlns="http://www.springframework.org/schema/beans"
       xmlns:xsi="http://www.w3.org/2001/XMLSchema-instance"
            xmlns:context="http://www.springframework.org/schema/context"
            xmlns:aop="http://www.springframework.org/schema/aop"
            xmlns:tx="http://www.springframework.org/schema/tx"
       xsi:schemaLocation="http://www.springframework.org/schema/beans
       http://www.springframework.org/schema/beans/spring-beans-3.0.xsd
            http://www.springframework.org/schema/context
     		http://www.springframework.org/schema/context/spring-context-3.0.xsd
     		http://www.springframework.org/schema/tx
    		 http://www.springframework.org/schema/tx/spring-tx-3.0.xsd
     		http://www.springframework.org/schema/aop
     		http://www.springframework.org/schema/aop/spring-aop-3.2.xsd"
     		default-autowire="byName"
     		 >
		<!-- album配置 -->
			
		<bean id="photoDao" class="bs.photoAdmin.photo.dao.impl.PhotoDaoImpl">
			<property name="sessionFactory" ref="sessionFactory"></property>
		</bean>
		<bean id="photoService" class="bs.photoAdmin.photo.service.impl.PhotoServiceImpl">	
			<property name="photoDao" ref="photoDao"></property>
			<property name="albumDao" ref="albumDao"></property>
			<property name="tagDao" ref="tagDao"></property>
			<property name="friendDao" ref="friendDao"></property>
		</bean>
	
		<bean id="uploadphotoAction" class="bs.photoAdmin.photo.action.UploadPhotoAction">	
			<property name="photoService" ref="photoService"></property>
		</bean>
		
		<bean id="photoAction" class="bs.photoAdmin.photo.action.PhotoAction">	
			<property name="photoService" ref="photoService"></property>
			<property name="albumService" ref="albumService"></property>
			<property name="tagService" ref="tagService"></property>
			<property name="commentService" ref="commentService"></property>
			<property name="msgService" ref="msgService"></property>
		</bean>
		
</beans>